; Withings ;; MyFitnessPal ;;;; Divers sources ;;;;;;
Date; Masse Totale ; Masse Grasse ; Calories In ; Glucides ; Lipides ; Proteines ; Calories Exercice Brut ; C_Ex_Cardio ; C_Ex_Strength ; Verif ;;;
1-août-20; 107,2   ;;; -     ; -     ; -     ; -     ; -     ; -     ; -     ;;;
2-août-20; 106,8   ;;; -     ; -     ; -     ; -     ; -     ; -     ; -     ;;;
3-août-20; 107,2   ;; 1 918   ; 195   ; 89   ; 72   ; -     ; -     ; -     ; -     ;;;
5-août-20; 105,5   ;; 1 949   ; 213   ; 83   ; 86   ; -     ; -     ; -     ; -     ;;;
6-août-20; 106,4   ;; 1 937   ; 134   ; 66   ; 59   ; -     ; -     ; -     ; -     ;;;
7-août-20; 106,6   ;; 1 673   ; 165   ; 67   ; 95   ; -     ; -     ; -     ; -     ;;;
9-août-20; 107,2   ; 35,70   ; 1 862   ; 232   ; 70   ; 66   ; -     ; -     ; -     ; -     ;;;
10-août-20; 105,4   ;; 1 467   ; 204   ; 43   ; 63   ; -     ; -     ; -     ; -     ;;;
11-août-20; 104,6   ; 31,80   ; 1 773   ; 186   ; 49   ; 104   ; -     ; -     ; -     ; -     ;;;
12-août-20; 104,4   ; 32,40   ; 1 893   ; 220   ; 59   ; 90   ; -     ; -     ; -     ; -     ;;;
13-août-20; 104,4   ; 32,90   ; 1 823   ; 223   ; 72   ; 7   ; -     ; -     ; -     ; -     ;;;
14-août-20; 104,5   ; 32,50   ; 1 891   ; 218   ; 62   ; 84   ; -     ; -     ; -     ; -     ;;;
15-août-20; 104,2   ; 32,90   ; 1 925   ; 186   ; 84   ; 69   ; -     ; -     ; -     ; -     ;;;
16-août-20; 104,0   ; 33,00   ; 2 021   ; 216   ; 92   ; 81   ; -     ; -     ; -     ; -     ;;;
17-août-20; 103,9   ; 32,50   ; 1 947   ; 233   ; 67   ; 74   ; -     ; -     ; -     ; -     ;;;
18-août-20; 103,6   ; 32,70   ; 1 788   ; 221   ; 51   ; 100   ; -     ; -     ; -     ; -     ;;;
19-août-20; 103,3   ; 31,30   ; 1 915   ; 180   ; 69   ; 86   ; -     ; -     ; -     ; -     ;;;
20-août-20; 103,4   ; 30,20   ; 1 842   ; 223   ; 53   ; 75   ; -     ; -     ; -     ; -     ;;;
21-août-20; 103,3   ; 29,60   ; 1 703   ; 245   ; 44   ; 47   ; -     ; -     ; -     ; -     ;;;
22-août-20; 103,2   ; 30,30   ; 1 916   ; 191   ; 83   ; 79   ; -     ; -     ; -     ; -     ;;;
30-août-20; 101,7   ; 30,70   ; 1 969   ; 270   ; 52   ; 101   ; 196   ; 196   ; -     ; -     ;;;
31-août-20; 101,5   ; 33,50   ; 1 952   ; 208   ; 70   ; 80   ; 302   ; 302   ; -     ; -     ;;;
1-sept.-20; 101,2   ; 33,00   ; 2 015   ; 262   ; 48   ; 120   ; 281   ; 281   ; -     ; -     ;;;
2-sept.-20; 101,2   ; 32,00   ; 1 942   ; 162   ; 94   ; 100   ; 419   ; 419   ; -     ; -     ;;;
3-sept.-20; 101,2   ; 30,90   ; 1 938   ; 227   ; 72   ; 93   ; 403   ; 403   ; -     ; -     ;;;
4-sept.-20; 100,8   ; 29,50   ; 1 851   ; 274   ; 43   ; 91   ; 439   ; 439   ; -     ; -     ;;;
5-sept.-20; 100,6   ; 31,40   ; 1 774   ; 214   ; 54   ; 90   ; 563   ; 563   ; -     ; -     ;;;
6-sept.-20; 100,7   ; 29,30   ; 1 763   ; 211   ; 57   ; 86   ; 479   ; 479   ; -     ; -     ;;;
7-sept.-20; 100,5   ; 30,00   ; 2 029   ; 224   ; 92   ; 77   ; 220   ; 220   ; -     ; -     ;;;
8-sept.-20; 100,6   ; 30,50   ; 1 889   ; 166   ; 80   ; 115   ; -     ; -     ; -     ; -     ;;;
9-sept.-20; 99,9   ; 30,80   ; 1 872   ; 208   ; 59   ; 121   ; 597   ; 597   ; -     ; -     ;;;
10-sept.-20; 99,8   ; 29,90   ; 1 980   ; 182   ; 85   ; 111   ; 582   ; 582   ; -     ; -     ;;;
11-sept.-20; 99,2   ; 29,30   ; 1 952   ; 217   ; 73   ; 83   ; 672   ; 672   ; -     ; -     ;;;
12-sept.-20; 99,2   ; 28,50   ; 1 927   ; 258   ; 59   ; 88   ; -     ; -     ; -     ; -     ;;;
13-sept.-20; 99,0   ; 30,15   ; 1 916   ; 237   ; 62   ; 102   ; 827   ; 827   ; -     ; -     ;;;
14-sept.-20; 99,2   ; 28,20   ; 1 938   ; 195   ; 76   ; 113   ; 775   ; 775   ; -     ; -     ;;;
15-sept.-20; 99,4   ; 28,80   ; 1 953   ; 229   ; 67   ; 102   ; 555   ; 555   ; -     ; -     ;;;
16-sept.-20; 99,5   ; 27,90   ; 1 866   ; 176   ; 72   ; 125   ; -     ; -     ; -     ; -     ;;;
17-sept.-20; 99,2   ; 28,60   ; 1 867   ; 206   ; 55   ; 126   ; 293   ; 293   ; -     ; -     ;;;
18-sept.-20; 98,8   ; 28,55   ; 1 868   ; 175   ; 69   ; 128   ; 705   ; 705   ; -     ; -     ;;;
19-sept.-20; 98,9   ; 27,40   ; 1 828   ; 229   ; 66   ; 79   ; 541   ; 541   ; -     ; -     ;;;
20-sept.-20; 98,8   ; 27,10   ; 1 848   ; 174   ; 67   ; 140   ; -     ; -     ; -     ; -     ;;;
21-sept.-20; 98,4   ; 26,90   ; 1 871   ; 160   ; 79   ; 124   ; 518   ; 518   ; -     ; -     ;;;
22-sept.-20; 98,3   ; 27,67   ; 1 857   ; 167   ; 69   ; 137   ; 603   ; 603   ; -     ; -     ;;;
23-sept.-20; 98,2   ; 27,80   ; 1 853   ; 175   ; 71   ; 128   ; 555   ; 555   ; -     ; -     ;;;
24-sept.-20; 98,2   ; 26,40   ; 1 750   ; 198   ; 50   ; 128   ; -     ; -     ; -     ; -     ;;;
25-sept.-20; 98,0   ; 27,40   ; 1 842   ; 180   ; 75   ; 118   ; 625   ; 625   ; -     ; -     ;;;
26-sept.-20; 97,6   ; 26,33   ; 1 900   ; 220   ; 69   ; 86   ; 565   ; 565   ; -     ; -     ;;;
27-sept.-20; 97,0   ; 28,20   ; 1 833   ; 175   ; 67   ; 127   ; 492   ; 492   ; -     ; -     ;;;
28-sept.-20; 97,2   ; 27,80   ; 2 023   ; 156   ; 83   ; 99   ; -     ; -     ; -     ; -     ;;;
29-sept.-20; 97,7   ; 26,60   ; 1 804   ; 163   ; 70   ; 126   ; 487   ; 487   ; -     ; -     ;;;
30-sept.-20; 97,4   ; 26,03   ; 1 825   ; 137   ; 78   ; 135   ; 553   ; 553   ; -     ; -     ;;;
1-oct.-20; 96,9   ; 26,33   ; 1 915   ; 142   ; 77   ; 92   ; 606   ; 606   ; -     ; -     ;;;
2-oct.-20; 96,6   ; 26,87   ; 1 780   ; 146   ; 68   ; 136   ; -     ; -     ; -     ; -     ;;;
3-oct.-20; 95,8   ; 27,10   ; 1 874   ; 239   ; 57   ; 116   ; 553   ; 553   ; -     ; -     ;;;
4-oct.-20; 95,7   ; 27,03   ; 1 840   ; 238   ; 43   ; 120   ; 512   ; 512   ; -     ; -     ;;;
5-oct.-20; 95,4   ; 26,80   ; 1 853   ; 180   ; 59   ; 148   ; -     ; -     ; -     ; -     ;;;
6-oct.-20; 95,5   ; 26,63   ; 1 829   ; 182   ; 63   ; 128   ; 499   ; 499   ; -     ; -     ;;;
7-oct.-20; 95,4   ; 25,53   ; 1 860   ; 169   ; 77   ; 123   ; 619   ; 619   ; -     ; -     ;;;
8-oct.-20; 95,2   ; 25,77   ; 1 807   ; 171   ; 61   ; 139   ; 522   ; 522   ; -     ; -     ;;;
9-oct.-20; 95,1   ; 25,40   ; 1 842   ; 156   ; 70   ; 138   ; -     ; -     ; -     ; -     ;;;
10-oct.-20; 95,1   ; 26,20   ; 1 831   ; 247   ; 52   ; 90   ; 537   ; 537   ; -     ; -     ;;;
11-oct.-20; 95,0   ; 25,95   ; 1 726   ; 172   ; 50   ; 126   ; -     ; -     ; -     ; -     ;;;
12-oct.-20; 94,8   ; 25,43   ; 1 875   ; 176   ; 59   ; 156   ; -     ; -     ; -     ; -     ;;;
13-oct.-20; 95,2   ; 25,97   ; 1 796   ; 214   ; 51   ; 124   ; 537   ; 537   ; -     ; -     ;;;
14-oct.-20; 94,6   ; 25,37   ; 1 824   ; 174   ; 65   ; 123   ; 552   ; 552   ; -     ; -     ;;;
15-oct.-20; 94,3   ; 25,73   ; 1 845   ; 144   ; 79   ; 125   ; 523   ; 523   ; -     ; -     ;;;
16-oct.-20; 94,7   ; 24,73   ; 1 846   ; 198   ; 60   ; 134   ; -     ; -     ; -     ; -     ;;;
17-oct.-20; 94,2   ; 24,25   ; 2 096   ; 241   ; 78   ; 78   ; 563   ; 563   ; -     ; -     ;;;
18-oct.-20; 94,0   ; 25,47   ; 1 945   ; 206   ; 61   ; 142   ; 504   ; 504   ; -     ; -     ;;;
19-oct.-20; 93,5   ; 25,55   ; 1 872   ; 163   ; 78   ; 123   ; 503   ; 503   ; -     ; -     ;;;
20-oct.-20; 93,4   ; 25,27   ; 1 854   ; 160   ; 76   ; 117   ; -     ; -     ; -     ; -     ;;;
21-oct.-20; 92,9   ; 25,17   ; 1 891   ; 188   ; 77   ; 111   ; 504   ; 504   ; -     ; -     ;;;
22-oct.-20; 93,0   ; 24,67   ; 1 865   ; 198   ; 60   ; 123   ; 612   ; 612   ; -     ; -     ;;;
23-oct.-20; 92,6   ; 24,97   ; 2 004   ; 255   ; 63   ; 92   ; 545   ; 545   ; -     ; -     ;;;
24-oct.-20; 92,3   ; 24,93   ; 1 871   ; 217   ; 48   ; 140   ; -     ; -     ; -     ; -     ;;;
25-oct.-20; 92,6   ; 25,30   ; 1 927   ; 185   ; 66   ; 100   ; 521   ; 521   ; -     ; -     ;;;
26-oct.-20; 91,8   ; 24,87   ; 1 965   ; 210   ; 75   ; 115   ; 826   ; 826   ; -     ; -     ;;;
27-oct.-20; 92,2   ; 24,70   ; 1 860   ; 206   ; 63   ; 116   ; 749   ; 749   ; -     ; -     ;;;
28-oct.-20; 91,7   ; 24,07   ; 1 754   ; 190   ; 63   ; 117   ; -     ; -     ; -     ; -     ;;;
29-oct.-20; 91,6   ; 23,63   ; 1 802   ; 125   ; 69   ; 116   ; -     ; -     ; -     ; -     ;;;
30-oct.-20; 91,6   ; 24,23   ; 1 858   ; 195   ; 49   ; 125   ; 839   ; 839   ; -     ; -     ;;;
31-oct.-20; 91,4   ; 24,40   ; 1 944   ; 186   ; 66   ; 103   ; 733   ; 733   ; -     ; -     ;;;
1-nov.-20; 91,0   ; 23,83   ; 1 878   ; 188   ; 62   ; 120   ; 946   ; 946   ; -     ; -     ;;;
2-nov.-20; 91,0   ; 23,70   ; 1 901   ; 271   ; 49   ; 98   ; -     ; -     ; -     ; -     ;;;
3-nov.-20; 90,9   ; 23,50   ; 1 883   ; 177   ; 69   ; 122   ; 709   ; 709   ; -     ; -     ;;;
4-nov.-20; 91,0   ; 22,57   ; 1 856   ; 206   ; 50   ; 136   ; 734   ; 734   ; -     ; -     ;;;
5-nov.-20; 90,9   ; 22,67   ; 1 782   ; 148   ; 70   ; 135   ; 699   ; 699   ; -     ; -     ;;;
6-nov.-20; 90,6   ; 22,43   ; 1 860   ; 151   ; 82   ; 96   ; -     ; -     ; -     ; -     ;;;
7-nov.-20; 90,1   ; 23,23   ; 2 302   ; 173   ; 58   ; 98   ; 743   ; 743   ; -     ; -     ;;;
8-nov.-20; 90,5   ; 21,17   ; 1 839   ; 257   ; 43   ; 95   ; -     ; -     ; -     ; -     ;;;
9-nov.-20; 90,5   ; 22,25   ; 1 788   ; 174   ; 65   ; 124   ; 720   ; 720   ; -     ; -     ;;;
10-nov.-20; 90,8   ; 21,53   ; 1 830   ; 176   ; 71   ; 120   ; 716   ; 716   ; -     ; -     ;;;
11-nov.-20; 90,0   ; 22,47   ; 1 813   ; 190   ; 51   ; 128   ; 706   ; 706   ; -     ; -     ;;;
12-nov.-20; 89,4   ; 22,73   ; 1 835   ; 207   ; 62   ; 113   ; -     ; -     ; -     ; -     ;;;
13-nov.-20; 89,6   ; 22,40   ; 1 816   ; 153   ; 69   ; 131   ; 699   ; 699   ; -     ; -     ;;;
14-nov.-20; 89,4   ; 22,73   ; 1 890   ; 241   ; 64   ; 85   ; 743   ; 743   ; -     ; -     ;;;
15-nov.-20; 89,5   ; 22,90   ; 1 862   ; 158   ; 70   ; 126   ; 581   ; 581   ; -     ; -     ;;;
16-nov.-20; 89,7   ; 21,70   ; 1 830   ; 147   ; 72   ; 128   ; -     ; -     ; -     ; -     ;;;
17-nov.-20; 89,7   ; 22,10   ; 1 906   ; 158   ; 78   ; 137   ; 654   ; 654   ; -     ; -     ;;;
18-nov.-20; 89,5   ; 22,00   ; 1 664   ; 124   ; 60   ; 128   ; 226   ; 226   ; -     ; -     ;;;
19-nov.-20; 89,1   ; 21,25   ; 1 844   ; 166   ; 83   ; 105   ; 706   ; 706   ; -     ; -     ;;;
20-nov.-20; 89,4   ; 21,17   ; 1 826   ; 157   ; 86   ; 101   ; -     ; -     ; -     ; -     ;;;
21-nov.-20; 88,3   ; 22,33   ; 1 827   ; 148   ; 66   ; 122   ; 772   ; 772   ; -     ; -     ;;;
22-nov.-20; 88,5   ; 22,17   ; 1 814   ; 294   ; 40   ; 73   ; 724   ; 724   ; -     ; -     ;;;
23-nov.-20; 88,2   ; 22,33   ; 1 777   ; 167   ; 62   ; 126   ; 743   ; 743   ; -     ; -     ;;;
24-nov.-20; 88,2   ; 21,53   ; 1 811   ; 199   ; 55   ; 133   ; -     ; -     ; -     ; -     ;;;
25-nov.-20; 88,6   ; 21,10   ; 1 779   ; 158   ; 57   ; 153   ; 732   ; 732   ; -     ; -     ;;;
26-nov.-20; 88,3   ; 21,10   ; 1 780   ; 156   ; 65   ; 144   ; 159   ; -     ; 159   ; -     ;;;
27-nov.-20; 88,8   ; 20,05   ; 1 825   ; 171   ; 74   ; 107   ; -     ; -     ; -     ; -     ;;;
28-nov.-20; 88,2   ; 20,07   ; 1 817   ; 246   ; 49   ; 87   ; 736   ; 736   ; -     ; -     ;;;
29-nov.-20; 88,2   ; 20,97   ; 1 820   ; 177   ; 66   ; 123   ; 329   ; -     ; 329   ; -     ;;;
30-nov.-20; 87,8   ; 21,33   ; 1 796   ; 197   ; 51   ; 136   ; 771   ; 771   ; -     ; -     ;;;
1-déc.-20; 87,8   ; 20,97   ; 1 798   ; 157   ; 68   ; 136   ; 335   ; -     ; 335   ; -     ;;;
2-déc.-20; 87,6   ; 21,60   ; 1 813   ; 183   ; 58   ; 135   ; 790   ; 790   ; -     ; -     ;;;
3-déc.-20; 87,3   ; 21,20   ; 1 759   ; 177   ; 56   ; 136   ; -     ; -     ; -     ; -     ;;;
4-déc.-20; 87,2   ; 21,27   ; 1 799   ; 163   ; 69   ; 139   ; 666   ; 666   ; -     ; -     ;;;
5-déc.-20; 87,0   ; 21,20   ; 1 778   ; 253   ; 49   ; 88   ; -     ; -     ; -     ; -     ;;;
6-déc.-20; 86,4   ; 21,50   ; 1 796   ; 202   ; 55   ; 123   ; 645   ; 645   ; -     ; -     ;;;
7-déc.-20; 86,1   ; 21,20   ; 1 750   ; 135   ; 66   ; 154   ; -     ; -     ; -     ; -     ;;;
8-déc.-20; 86,4   ; 20,70   ; 1 804   ; 161   ; 73   ; 123   ; 283   ; -     ; 283   ; -     ;;;
9-déc.-20; 86,4   ; 20,27   ; 1 800   ; 211   ; 54   ; 106   ; 738   ; 738   ; -     ; -     ;;;
10-déc.-20; 86,3   ; 20,53   ; 1 740   ; 161   ; 58   ; 134   ; 248   ; -     ; 248   ; -     ;;;
11-déc.-20; 86,6   ; 20,33   ; 1 826   ; 238   ; 58   ; 90   ; -     ; -     ; -     ; -     ;;;
12-déc.-20; 86,1   ; 20,67   ; 1 942   ; 143   ; 72   ; 130   ; 346   ; -     ; 346   ; -     ;;;
13-déc.-20; 86,1   ; 20,80   ; 1 881   ; 186   ; 74   ; 116   ; 928   ; 928   ; -     ; -     ;;;
14-déc.-20; 86,1   ; 20,50   ; 1 793   ; 178   ; 60   ; 139   ; -     ; -     ; -     ; -     ;;;
15-déc.-20; 86,2   ; 20,20   ; 1 787   ; 117   ; 82   ; 134   ; 723   ; 723   ; -     ; -     ;;;
16-déc.-20; 86,2   ; 20,17   ; 1 806   ; 145   ; 85   ; 94   ; -     ; -     ; -     ; -     ;;;
17-déc.-20; 85,6   ; 19,47   ; 1 875   ; 181   ; 75   ; 118   ; 760   ; 760   ; -     ; -     ;;;
18-déc.-20; 85,7   ; 19,93   ; 1 873   ; 142   ; 78   ; 115   ; 321   ; -     ; 321   ; -     ;;;
19-déc.-20; 85,8   ; 20,03   ; 1 798   ; 188   ; 58   ; 85   ; -     ; -     ; -     ; -     ;;;
20-déc.-20; 85,7   ; 20,03   ; 1 829   ; 155   ; 69   ; 128   ; 689   ; 689   ; -     ; -     ;;;
21-déc.-20; 85,3   ; 20,17   ; 1 847   ; 187   ; 76   ; 115   ; 224   ; -     ; 224   ; -     ;;;
22-déc.-20; 85,4   ; 19,70   ; 1 762   ; 199   ; 56   ; 118   ; -     ; -     ; -     ; -     ;;;
23-déc.-20; 85,5   ; 19,70   ; 1 849   ; 261   ; 52   ; 97   ; 653   ; 653   ; -     ; -     ;;;
24-déc.-20; 84,9   ; 19,73   ; 1 949   ; 189   ; 79   ; 92   ; 267   ; -     ; 267   ; -     ;;;
25-déc.-20; 84,7   ; 18,43   ; 2 153   ; 173   ; 87   ; 75   ; -     ; -     ; -     ; -     ;;;
26-déc.-20; 85,0   ; 19,73   ; 1 693   ; 171   ; 50   ; 139   ; -     ; -     ; -     ; -     ;;;
27-déc.-20; 84,6   ; 19,77   ; 2 074   ; 234   ; 68   ; 86   ; 644   ; 644   ; -     ; -     ;;;
28-déc.-20; 84,9   ; 19,47   ; 2 076   ; 167   ; 82   ; 74   ; -     ; -     ; -     ; -     ;;;
29-déc.-20; 84,6   ; 19,53   ; 2 000   ; 206   ; 79   ; 117   ; 743   ; 743   ; -     ; -     ;;;
30-déc.-20; 84,6   ; 19,17   ; 1 788   ; 184   ; 63   ; 114   ; 218   ; -     ; 218   ; -     ;;;
31-déc.-20; 84,6   ; 19,03   ; 1 793   ; 156   ; 70   ; 138   ; -     ; -     ; -     ; -     ;;;
1-janv.-21; 84,4   ; 19,03   ; 1 806   ; 171   ; 64   ; 119   ; 703   ; 703   ; -     ; -     ;;;
2-janv.-21; 84,4   ; 18,60   ; 1 893   ; 193   ; 54   ; 74   ; 266   ; -     ; 266   ; -     ;;;
3-janv.-21; 84,7   ; 17,30   ; 1 864   ; 133   ; 70   ; 125   ; 657   ; 657   ; -     ; -     ;;;
4-janv.-21; 84,6   ; 18,27   ; 1 734   ; 150   ; 50   ; 119   ; -     ; -     ; -     ; -     ;;;
5-janv.-21; 83,3   ; 18,43   ; 1 667   ; 151   ; 55   ; 140   ; 709   ; 709   ; -     ; -     ;;;
6-janv.-21; 83,7   ; 18,70   ; 1 715   ; 155   ; 60   ; 13   ; -     ; -     ; -     ; -     ;;;
7-janv.-21; 83,3   ; 18,30   ; 1 668   ; 126   ; 57   ; 110   ; 739   ; 739   ; -     ; -     ;;;
8-janv.-21; 82,8   ; 18,33   ; 1 750   ; 212   ; 48   ; 117   ; -     ; -     ; -     ; -     ;;;
9-janv.-21; 83,1   ; 18,53   ; 2 004   ; 177   ; 48   ; 52   ; -     ; -     ; -     ; -     ;;;
10-janv.-21; 82,8   ; 17,27   ; 1 684   ; 195   ; 48   ; 116   ; -     ; -     ; -     ; -     ;;;
11-janv.-21; 82,8   ; 18,50   ; 1 716   ; 128   ; 60   ; 108   ; 200   ; -     ; 200   ; -     ;;;
12-janv.-21; 82,8   ; 18,57   ; 1 761   ; 175   ; 68   ; 124   ; 729   ; 729   ; -     ; -     ;;;
13-janv.-21; 82,0   ; 18,40   ; 1 732   ; 210   ; 52   ; 81   ; 240   ; -     ; 240   ; -     ;;;
14-janv.-21; 82,0   ; 18,20   ; 1 806   ; 172   ; 66   ; 114   ; 753   ; 753   ; -     ; -     ;;;
15-janv.-21; 82,1   ; 17,70   ; 1 749   ; 164   ; 77   ; 70   ; -     ; -     ; -     ; -     ;;;
16-janv.-21; 82,3   ; 17,50   ; 1 846   ; 224   ; 52   ; 77   ; 279   ; -     ; 279   ; -     ;;;
17-janv.-21; 82,2   ; 17,37   ; 1 799   ; 210   ; 37   ; 117   ; 681   ; 681   ; -     ; -     ;;;
18-janv.-21; 82,2   ; 17,40   ; 1 801   ; 125   ; 60   ; 133   ; 363   ; -     ; 363   ; -     ;;;
19-janv.-21; 82,1   ; 16,93   ; 1 822   ; 140   ; 84   ; 126   ; -     ; -     ; -     ; -     ;;;
20-janv.-21; 82,0   ; 16,83   ; 1 852   ; 158   ; 63   ; 124   ; 763   ; 763   ; -     ; -     ;;;
21-janv.-21; 81,6   ; 16,93   ; 1 779   ; 116   ; 86   ; 133   ; -     ; -     ; -     ; -     ;;;
22-janv.-21; 81,3   ; 16,70   ; 1 788   ; 141   ; 51   ; 118   ; -     ; -     ; -     ; -     ;;;
23-janv.-21; 81,2   ; 16,73   ; 1 845   ; 186   ; 58   ; 107   ; 428   ; -     ; 428   ; -     ;;;
24-janv.-21; 81,2   ; 17,27   ; 1 882   ; 161   ; 78   ; 93   ; 725   ; 725   ; -     ; -     ;;;
25-janv.-21; 81,1   ; 17,07   ; 1 859   ; 151   ; 89   ; 110   ; 585   ; -     ; 585   ; -     ;;;
26-janv.-21; 81,2   ; 16,63   ; 1 823   ; 156   ; 66   ; 120   ; -     ; -     ; -     ; -     ;;;
27-janv.-21; 81,0   ; 16,97   ; 1 782   ; 96   ; 77   ; 125   ; -     ; -     ; -     ; -     ;;;
28-janv.-21; 81,1   ; 16,74   ; 1 869   ; 156   ; 73   ; 122   ; 727   ; 727   ; -     ; -     ;;;
29-janv.-21; 80,7   ; 16,60   ; 1 881   ; 162   ; 69   ; 140   ; 395   ; -     ; 395   ; -     ;;;
30-janv.-21; 81,1   ; 16,63   ; 2 064   ; 225   ; 61   ; 94   ; -     ; -     ; -     ; -     ;;;
31-janv.-21; 81,4   ; 16,03   ; 1 786   ; 147   ; 57   ; 112   ; 1 041   ; 766   ; 275   ; -     ;;;
1-févr.-21; 80,8   ; 16,27   ; 1 802   ; 144   ; 62   ; 128   ; -     ; -     ; -     ; -     ;;;
2-févr.-21; 80,7   ; 16,50   ; 1 834   ; 138   ; 49   ; 153   ; 229   ; -     ; 229   ; -     ;;;
3-févr.-21; 80,4   ; 16,30   ; 2 105   ; 188   ; 64   ; 145   ; 736   ; 736   ; -     ; -     ;;;
4-févr.-21; 80,8   ; 16,17   ; 1 828   ; 115   ; 55   ; 135   ; 187   ; -     ; 187   ; -     ;;;
5-févr.-21; 80,5   ; 15,60   ; 1 818   ; 161   ; 64   ; 145   ; -     ; -     ; -     ; -     ;;;
6-févr.-21; 80,7   ; 15,87   ; 1 912   ; 286   ; 48   ; 85   ; 1 009   ; 711   ; 298   ; -     ;;;
7-févr.-21; 80,2   ; 16,13   ; 1 867   ; 133   ; 54   ; 110   ; -     ; -     ; -     ; -     ;;;
8-févr.-21; 80,2   ; 16,03   ; 1 846   ; 119   ; 82   ; 152   ; 437   ; -     ; 437   ; -     ;;;
9-févr.-21; 80,1   ; 15,90   ; 1 804   ; 132   ; 58   ; 146   ; 718   ; 718   ; -     ; -     ;;;
10-févr.-21; 80,4   ; 16,13   ; 1 818   ; 147   ; 61   ; 108   ; -     ; -     ; -     ; -     ;;;
11-févr.-21; 79,6   ; 15,93   ; 1 829   ; 102   ; 93   ; 144   ; 316   ; -     ; 316   ; -     ;;;
12-févr.-21; 80,0   ; 15,97   ; 1 804   ; 168   ; 92   ; 148   ; -     ; -     ; -     ; -     ;;;
13-févr.-21; 79,6   ; 15,67   ; 1 865   ; 211   ; 53   ; 135   ; -     ; -     ; -     ; -     ;;;
14-févr.-21; 79,4   ; 16,00   ; 2 025   ; 248   ; 66   ; 112   ; 789   ; 789   ; -     ; -     ;;;
15-févr.-21; 79,1   ; 16,33   ; 1 767   ; 204   ; 44   ; 147   ; -     ; -     ; -     ; -     ;;;
16-févr.-21; 79,6   ; 15,90   ; 2 162   ; 211   ; 84   ; 138   ; 228   ; -     ; 228   ; -     ;;;
17-févr.-21; 79,6   ; 15,83   ; 1 841   ; 201   ; 52   ; 135   ; -     ; -     ; -     ; -     ;;;
18-févr.-21; 78,8   ; 15,53   ; 1 869   ; 184   ; 68   ; 112   ; -     ; -     ; -     ; -     ;;;
19-févr.-21; 78,7   ; 15,27   ; 1 915   ; 197   ; 64   ; 143   ; -     ; -     ; -     ; -     ;;;
20-févr.-21; 78,6   ; 15,23   ; 1 901   ; 182   ; 75   ; 107   ; -     ; -     ; -     ; -     ;;;
21-févr.-21; 79,1   ; 15,07   ; 1 875   ; 233   ; 58   ; 98   ; -     ; -     ; -     ; -     ;;;
22-févr.-21; 78,2   ; 14,97   ; 1 839   ; 161   ; 64   ; 140   ; -     ; -     ; -     ; -     ;;;
23-févr.-21; 79,0   ; 15,10   ; 1 801   ; 147   ; 55   ; 139   ; -     ; -     ; -     ; -     ;;;
24-févr.-21; 78,4   ; 14,90   ; 1 874   ; 170   ; 64   ; 144   ; -     ; -     ; -     ; -     ;;;
25-févr.-21; 77,8   ; 14,73   ; 2 378   ; 255   ; 68   ; 102   ; -     ; -     ; -     ; -     ;;;
26-févr.-21; 78,5   ; 14,83   ; 1 786   ; 249   ; 27   ; 136   ; -     ; -     ; -     ; -     ;;;
27-févr.-21; 78,1   ; 14,73   ; 1 814   ; 223   ; 35   ; 143   ; -     ; -     ; -     ; -     ;;;
28-févr.-21; 78,0   ; 14,53   ; 1 850   ; 228   ; 45   ; 64   ; -     ; -     ; -     ; -     ;;;
1-mars-21; 77,8   ; 15,23   ; 1 888   ; 193   ; 81   ; 86   ; -     ; -     ; -     ; -     ;;;
2-mars-21; 78,2   ; 15,03   ; 1 853   ; 140   ; 48   ; 133   ; -     ; -     ; -     ; -     ;;;
3-mars-21; 77,8   ; 15,13   ; 1 806   ; 198   ; 38   ; 140   ; -     ; -     ; -     ; -     ;;;
4-mars-21; 77,6   ; 14,80   ; 1 854   ; 223   ; 53   ; 140   ; -     ; -     ; -     ; -     ;;;
5-mars-21; 77,7   ; 14,77   ; 1 772   ; 178   ; 55   ; 122   ; 493   ; -     ; 493   ; -     ;;;
6-mars-21; 77,6   ; 14,90   ; 2 013   ; 281   ; 42   ; 123   ; -     ; -     ; -     ; -     ;;;
7-mars-21; 77,8   ; 14,45   ; 1 868   ; 172   ; 50   ; 145   ; -     ; -     ; -     ; -     ;;;
8-mars-21; 77,5   ; 15,07   ; 1 829   ; 183   ; 69   ; 101   ; 487   ; -     ; 487   ; -     ;;;
9-mars-21; 78,0   ; 14,90   ; 1 863   ; 154   ; 71   ; 142   ; -     ; -     ; -     ; -     ;;;
10-mars-21; 77,9   ; 14,87   ; 1 807   ; 186   ; 39   ; 155   ; 408   ; 408   ; -     ; -     ;;;
11-mars-21; 77,4   ; 14,63   ; 1 584   ; 149   ; 56   ; 158   ; 439   ; -     ; 439   ; -     ;;;
12-mars-21; 77,4   ; 14,56   ; 1 828   ; 183   ; 53   ; 140   ; -     ; -     ; -     ; -     ;;;
13-mars-21; 77,5   ; 14,37   ; 2 940   ; 173   ; 90   ; 100   ; 294   ; -     ; 294   ; -     ;;;
14-mars-21; 77,4   ; 14,52   ; 1 786   ; 207   ; 72   ; 74   ; -     ; -     ; -     ; -     ;;;
15-mars-21; 77,8   ; 14,65   ; 1 755   ; 178   ; 57   ; 138   ; 494   ; -     ; 494   ; -     ;;;
16-mars-21; 77,5   ; 14,57   ; 1 832   ; 141   ; 79   ; 135   ; -     ; -     ; -     ; -     ;;;
17-mars-21; 77,2   ; 14,47   ; 2 210   ; 221   ; 59   ; 125   ; 586   ; 586   ; -     ; -     ;;;
18-mars-21; 76,8   ; 13,93   ; 1 871   ; 158   ; 85   ; 117   ; 297   ; 96   ; 201   ; -     ;;;
19-mars-21; 76,8   ; 14,23   ; 1 832   ; 164   ; 68   ; 127   ; -     ; -     ; -     ; -     ;;;
20-mars-21; 76,7   ; 13,93   ; 1 844   ; 231   ; 51   ; 101   ; 192   ; -     ; 192   ; -     ;;;
21-mars-21; 76,9   ; 14,27   ; 1 871   ; 207   ; 46   ; 150   ; 475   ; 475   ; -     ; -     ;;;
22-mars-21; 77,0   ; 14,03   ; 1 804   ; 176   ; 58   ; 141   ; 240   ; -     ; 240   ; -     ;;;
23-mars-21; 77,0   ; 13,70   ; 1 904   ; 282   ; 49   ; 78   ; 519   ; 519   ; -     ; -     ;;;
24-mars-21; 76,9   ; 13,72   ; 1 789   ; 123   ; 80   ; 146   ; -     ; -     ; -     ; -     ;;;
25-mars-21; 76,7   ; 13,93   ; 1 785   ; 111   ; 86   ; 135   ; 297   ; -     ; 297   ; -     ;;;
26-mars-21; 76,6   ; 13,87   ; 2 095   ; 334   ; 42   ; 62   ; 347   ; 347   ; -     ; -     ;;;
27-mars-21; 75,8   ; 13,23   ; 1 860   ; 132   ; 88   ; 126   ; -     ; -     ; -     ; -     ;;;
28-mars-21; 76,2   ; 13,80   ; 1 756   ; 118   ; 64   ; 147   ; -     ; -     ; -     ; -     ;;;
29-mars-21; 76,2   ; 13,93   ; 1 796   ; 132   ; 81   ; 135   ; 328   ; -     ; 328   ; -     ;;;
30-mars-21; 75,8   ; 13,90   ; 1 934   ; 131   ; 72   ; 159   ; 449   ; 449   ; -     ; -     ;;;
31-mars-21; 75,6   ; 13,68   ; 1 824   ; 144   ; 72   ; 145   ; 272   ; -     ; 272   ; -     ;;;
1-avr.-21; 76,0   ; 13,83   ; 1 809   ; 154   ; 70   ; 141   ; -     ; -     ; -     ; -     ;;;
2-avr.-21; 76,2   ; 12,90   ; 1 859   ; 284   ; 44   ; 78   ; -     ; -     ; -     ; -     ;;;
3-avr.-21; 76,2   ; 13,13   ; 1 797   ; 220   ; 23   ; 148   ; 344   ; -     ; 344   ; -     ;;;
4-avr.-21; 76,0   ; 13,50   ; 2 060   ; 203   ; 59   ; 83   ; 494   ; 494   ; -     ; -     ;;;
5-avr.-21; 76,2   ; 14,03   ; 1 782   ; 197   ; 38   ; 153   ; -     ; -     ; -     ; -     ;;;
6-avr.-21; 75,8   ; 13,43   ; 1 795   ; 183   ; 52   ; 141   ; 241   ; -     ; 241   ; -     ;;;
7-avr.-21; 75,8   ; 13,53   ; 1 772   ; 164   ; 58   ; 132   ; 469   ; 469   ; -     ; -     ;;;
8-avr.-21; 75,6   ; 13,37   ; 1 829   ; 161   ; 82   ; 112   ; -     ; -     ; -     ; -     ;;;
9-avr.-21; 75,8   ; 13,30   ; 1 789   ; 159   ; 39   ; 153   ; -     ; -     ; -     ; -     ;;;
10-avr.-21; 75,4   ; 13,60   ; 1 771   ; 159   ; 39   ; 153   ; 301   ; -     ; 301   ; -     ;;;
11-avr.-21; 75,1   ; 13,62   ; 2 318   ; 168   ; 47   ; 102   ; 436   ; 436   ; -     ; -     ;;;
12-avr.-21; 75,7   ; 13,40   ; 1 802   ; 132   ; 70   ; 135   ; -     ; -     ; -     ; -     ;;;
13-avr.-21; 75,9   ; 13,20   ; 1 797   ; 232   ; 42   ; 116   ; 143   ; -     ; 143   ; -     ;;;
14-avr.-21; 75,4   ; 13,03   ; 1 780   ; 172   ; 57   ; 137   ; -     ; -     ; -     ; -     ;;;
15-avr.-21; 75,7   ; 13,33   ; 1 901   ; 199   ; 51   ; 168   ; 361   ; 361   ; -     ; -     ;;;
16-avr.-21; 75,0   ; 13,23   ; 1 786   ; 177   ; 48   ; 130   ; -     ; -     ; -     ; -     ;;;
17-avr.-21; 75,1   ; 13,23   ; 1 793   ; 109   ; 70   ; 142   ; -     ; -     ; -     ; -     ;;;
18-avr.-21; 74,4   ; 12,93   ; 1 827   ; 168   ; 47   ; 111   ; 341   ; -     ; 341   ; -     ;;;
19-avr.-21; 74,2   ; 12,90   ; 1 851   ; 205   ; 48   ; 141   ; -     ; -     ; -     ; -     ;;;
20-avr.-21; 75,2   ; 12,93   ; 1 825   ; 161   ; 45   ; 138   ; 324   ; 324   ; -     ; -     ;;;
21-avr.-21; 75,1   ; 12,73   ; 1 812   ; 182   ; 54   ; 152   ; -     ; -     ; -     ; -     ;;;
22-avr.-21; 75,2   ; 12,87   ; 1 784   ; 204   ; 49   ; 129   ; 250   ; -     ; 250   ; -     ;;;
23-avr.-21; 74,6   ; 12,37   ; 1 813   ; 200   ; 38   ; 97   ; -     ; -     ; -     ; -     ;;;
24-avr.-21; 74,4   ; 12,50   ; 1 999   ; 188   ; 93   ; 110   ; 734   ; 734   ; -     ; -     ;;;
25-avr.-21; 74,1   ; 12,20   ; 1 789   ; 186   ; 41   ; 116   ; -     ; -     ; -     ; -     ;;;
26-avr.-21; 73,8   ; 12,43   ; 1 817   ; 154   ; 75   ; 135   ; -     ; -     ; -     ; -     ;;;
27-avr.-21; 74,2   ; 12,40   ; 1 847   ; 224   ; 49   ; 92   ; 144   ; -     ; 144   ; -     ;;;
28-avr.-21; 74,6   ; 12,63   ; 1 826   ; 180   ; 63   ; 124   ; -     ; -     ; -     ; -     ;;;
29-avr.-21; 74,4   ; 12,53   ; 2 415   ; 188   ; 47   ; 89   ; -     ; -     ; -     ; -     ;;;
30-avr.-21; 74,0   ; 12,10   ; 1 787   ; 160   ; 75   ; 130   ; 141   ; -     ; 141   ; -     ;;;
1-mai-21; 74,4   ; 12,33   ; 1 799   ; 101   ; 19   ; 90   ; -     ; -     ; -     ; -     ;;;
2-mai-21; 74,6   ; 12,83   ; 1 841   ; 212   ; 41   ; 157   ; 649   ; 536   ; 113   ; -     ;;;
3-mai-21; 74,5   ; 12,83   ; 1 838   ; 172   ; 82   ; 99   ; -     ; -     ; -     ; -     ;;;
4-mai-21; 75,0   ; 12,73   ; 1 830   ; 150   ; 82   ; 114   ; 182   ; -     ; 182   ; -     ;;;
5-mai-21; 74,4   ; 12,40   ; 1 793   ; 144   ; 75   ; 132   ; -     ; -     ; -     ; -     ;;;
6-mai-21; 73,8   ; 12,17   ; 1 825   ; 203   ; 61   ; 113   ; 210   ; -     ; 210   ; -     ;;;
7-mai-21; 73,5   ; 12,27   ; 1 884   ; 245   ; 54   ; 102   ; -     ; -     ; -     ; -     ;;;
8-mai-21; 73,6   ; 12,33   ; 1 910   ; 220   ; 55   ; 136   ; 760   ; 760   ; -     ; -     ;;;
9-mai-21; 73,2   ; 11,90   ; 1 835   ; 166   ; 41   ; 76   ; -     ; -     ; -     ; -     ;;;
10-mai-21; 73,8   ; 12,40   ; 1 900   ; 145   ; 69   ; 128   ; -     ; -     ; -     ; -     ;;;
11-mai-21; 73,2   ; 11,80   ; 1 865   ; 162   ; 71   ; 137   ; -     ; -     ; -     ; -     ;;;
12-mai-21; 73,4   ; 11,93   ; 1 912   ; 240   ; 68   ; 80   ; -     ; -     ; -     ; -     ;;;
13-mai-21; 73,2   ; 12,07   ; 1 882   ; 156   ; 63   ; 140   ; 217   ; -     ; 217   ; -     ;;;
14-mai-21; 73,7   ; 12,00   ; 1 811   ; 161   ; 65   ; 76   ; -     ; -     ; -     ; -     ;;;
15-mai-21; 72,6   ; 11,63   ; 1 849   ; 159   ; 49   ; 132   ; 200   ; -     ; 200   ; -     ;;;
16-mai-21; 72,6   ; 12,07   ; 2 493   ; 309   ; 60   ; 142   ; 526   ; 526   ; -     ; -     ;;;
17-mai-21; 73,0   ; 11,83   ; 1 838   ; 170   ; 72   ; 123   ; 213   ; -     ; 213   ; -     ;;;
18-mai-21; 72,9   ; 11,47   ; 1 797   ; 203   ; 55   ; 122   ; -     ; -     ; -     ; -     ;;;
19-mai-21; 73,6   ; 11,73   ; 1 961   ; 172   ; 48   ; 169   ; 164   ; -     ; 164   ; -     ;;;
20-mai-21; 73,2   ; 11,83   ; 1 778   ; 148   ; 68   ; 139   ; -     ; -     ; -     ; -     ;;;
21-mai-21; 72,8   ; 11,40   ; 2 531   ; 309   ; 60   ; 121   ; 277   ; -     ; 277   ; -     ;;;
22-mai-21; 72,6   ; 11,70   ; 1 919   ; 63   ; 48   ; 102   ; -     ; -     ; -     ; -     ;;;
23-mai-21; 73,2   ; 11,70   ; 1 976   ; 156   ; 69   ; 143   ; 828   ; 828   ; -     ; -     ;;;
24-mai-21; 73,4   ; 11,80   ; 1 812   ; 152   ; 57   ; 154   ; 283   ; -     ; 283   ; -     ;;;
25-mai-21; 72,6   ; 11,00   ; 1 820   ; 191   ; 48   ; 152   ; -     ; -     ; -     ; -     ;;;
26-mai-21; 72,9   ; 11,24   ; 1 797   ; 163   ; 49   ; 156   ; 354   ; -     ; 354   ; -     ;;;
27-mai-21; 71,9   ; 11,27   ; 1 857   ; 186   ; 42   ; 145   ; -     ; -     ; -     ; -     ;;;
28-mai-21; 72,4   ; 11,13   ; 1 824   ; 197   ; 49   ; 148   ; -     ; -     ; -     ; -     ;;;
29-mai-21; 72,4   ; 11,30   ; 2 342   ; 174   ; 71   ; 129   ; 343   ; -     ; 343   ; -     ;;;
30-mai-21; 72,4   ; 11,30   ; 1 888   ; 183   ; 46   ; 143   ; 494   ; 494   ; -     ; -     ;;;
31-mai-21; 72,5   ; 11,33   ; 1 812   ; 208   ; 45   ; 142   ; 251   ; -     ; 251   ; -     ;;;
1-juin-21; 72,5   ; 11,13   ; 1 985   ; 231   ; 57   ; 145   ; -     ; -     ; -     ; -     ;;;
2-juin-21; 72,9   ; 11,27   ; 1 825   ; 179   ; 52   ; 155   ; 262   ; -     ; 262   ; -     ;;;
3-juin-21; 72,7   ; 11,30   ; 1 788   ; 173   ; 42   ; 139   ; -     ; -     ; -     ; -     ;;;
4-juin-21; 72,6   ; 11,30   ; 2 063   ; 249   ; 48   ; 59   ; -     ; -     ; -     ; -     ;;;
5-juin-21; 73,0   ; 11,30   ; 2 005   ; 236   ; 56   ; 98   ; 568   ; 568   ; -     ; -     ;;;
6-juin-21; 72,3   ; 11,43   ; 1 855   ; 165   ; 44   ; 166   ; 229   ; -     ; 229   ; -     ;;;
7-juin-21; 71,8   ; 11,10   ; 1 936   ; 188   ; 70   ; 142   ; -     ; -     ; -     ; -     ;;;
8-juin-21; 72,2   ; 11,03   ; 2 019   ; 174   ; 77   ; 127   ; -     ; -     ; -     ; -     ;;;
9-juin-21; 72,4   ; 11,30   ; 1 786   ; 180   ; 55   ; 143   ; 334   ; -     ; 334   ; -     ;;;
10-juin-21; 71,9   ; 11,20   ; 1 860   ; 253   ; 37   ; 133   ; -     ; -     ; -     ; -     ;;;
11-juin-21; 72,2   ; 10,97   ; 1 975   ; 184   ; 60   ; 138   ; 285   ; -     ; 285   ; -     ;;;
12-juin-21; 71,9   ; 11,20   ; 2 124   ; 215   ; 53   ; 162   ; 842   ; 842   ; -     ; -     ;;;
13-juin-21; 71,4   ; 11,10   ; 1 954   ; 153   ; 54   ; 120   ; -     ; -     ; -     ; -     ;;;
14-juin-21; 71,6   ; 10,73   ; 1 810   ; 197   ; 40   ; 116   ; -     ; -     ; -     ; -     ;;;
15-juin-21; 71,6   ; 10,33   ; 2 096   ; 129   ; 50   ; 142   ; 244   ; -     ; 244   ; -     ;;;
16-juin-21; 72,3   ; 10,23   ; 1 947   ; 186   ; 64   ; 151   ; -     ; -     ; -     ; -     ;;;
17-juin-21; 71,3   ; 10,43   ; 1 865   ; 152   ; 79   ; 134   ; -     ; -     ; -     ; -     ;;;
18-juin-21; 71,4   ; 10,73   ; 1 869   ; 148   ; 59   ; 151   ; 285   ; 285   ; -     ; -     ;;;
19-juin-21; 71,2   ; 10,43   ; 1 950   ; 213   ; 106   ; 171   ; 556   ; 240   ; 316   ; -     ;;;
20-juin-21; 72,0   ; 10,60   ; 2 026   ; 187   ; 37   ; 116   ; 556   ; 556   ; -     ; -     ;;;
21-juin-21; 72,2   ; 10,97   ; 2 051   ; 157   ; 70   ; 141   ; -     ; -     ; -     ; -     ;;;
22-juin-21; 71,6   ; 10,93   ; 1 834   ; 220   ; 33   ; 137   ; -     ; -     ; -     ; -     ;;;
23-juin-21; 71,2   ; 10,93   ; 1 968   ; 187   ; 64   ; 118   ; 563   ; 563   ; -     ; -     ;;;
24-juin-21; 71,0   ; 11,03   ; 1 954   ; 149   ; 71   ; 93   ; 96   ; -     ; 96   ; -     ;;;
25-juin-21; 71,2   ; 10,90   ; 2 244   ; 199   ; 39   ; 101   ; 260   ; -     ; 260   ; -     ;;;
26-juin-21; 71,7   ; 10,80   ; 2 600   ; 196   ; 35   ; 161   ; -     ; -     ; -     ; -     ;;;
27-juin-21; 71,9   ; 10,90   ; 2 257   ; 273   ; 43   ; 189   ; 1 030   ; 1 030   ; -     ; -     ;;;
28-juin-21; 72,2   ; 11,20   ; 1 794   ; 181   ; 37   ; 155   ; -     ; -     ; -     ; -     ;;;
29-juin-21; 71,8   ; 10,93   ; 1 838   ; 187   ; 49   ; 142   ; 404   ; 404   ; -     ; -     ;;;
30-juin-21; 71,6   ; 11,10   ; 1 908   ; 196   ; 50   ; 130   ; 411   ; -     ; 411   ; -     ;;;
1-juil.-21; 71,5   ; 10,80   ; 1 850   ; 225   ; 33   ; 125   ; -     ; -     ; -     ; -     ;;;
2-juil.-21; 71,1   ; 10,87   ; 1 960   ; 245   ; 51   ; 134   ; 654   ; 654   ; -     ; -     ;;;
3-juil.-21; 70,6   ; 10,43   ; 1 852   ; 178   ; 40   ; 158   ; -     ; -     ; -     ; -     ;;;
4-juil.-21; 70,0   ; 10,43   ; 2 072   ; 153   ; 51   ; 118   ; 926   ; 516   ; 410   ; -     ;;;
5-juil.-21; 70,3   ; 10,43   ; 1 904   ; 184   ; 35   ; 111   ; -     ; -     ; -     ; -     ;;;
6-juil.-21; 70,7   ; 10,70   ; 1 846   ; 209   ; 42   ; 155   ; 605   ; 204   ; 401   ; -     ;;;
7-juil.-21; 70,3   ; 10,13   ; 1 932   ; 166   ; 66   ; 173   ; 507   ; 507   ; -     ; -     ;;;
8-juil.-21; 70,3   ; 10,40   ; 1 954   ; 143   ; 48   ; 144   ; -     ; -     ; -     ; -     ;;;
9-juil.-21; 70,8   ; 10,35   ; 1 740   ; 158   ; 52   ; 56   ; 200   ; 200   ; -     ; -     ;;;
10-juil.-21; 71,2   ; 10,30   ; 2 261   ; 118   ; 88   ; 146   ; 150   ; 150   ; -     ; -     ;;;
11-juil.-21; 71,6   ; 10,25   ; 1 710   ; 190   ; 51   ; 121   ; -     ; -     ; -     ; -     ;;;
12-juil.-21; 72,0   ; 10,20   ; 1 795   ; 139   ; 53   ; 166   ; 610   ; 252   ; 358   ; -     ;;;
13-juil.-21; 70,8   ; 10,17   ; 1 789   ; 154   ; 33   ; 181   ; -     ; -     ; -     ; -     ;;;
14-juil.-21; 70,8   ; 10,37   ; 1 791   ; 108   ; 70   ; 180   ; 724   ; 351   ; 373   ; -     ;;;
15-juil.-21; 70,1   ; 10,17   ; 1 783   ; 161   ; 42   ; 148   ; -     ; -     ; -     ; -     ;;;
16-juil.-21; 70,7   ; 9,87   ; 1 800   ; 142   ; 58   ; 181   ; 571   ; 322   ; 249   ; -     ;;;
17-juil.-21; 69,8   ; 9,97   ; 1 789   ; 188   ; 32   ; 152   ; -     ; -     ; -     ; -     ;;;
18-juil.-21; 70,5   ; 10,20   ; 1 798   ; 146   ; 35   ; 189   ; -     ; -     ; -     ; -     ;;;
19-juil.-21; 69,6   ; 10,10   ; 1 882   ; 161   ; 46   ; 156   ; 662   ; 352   ; 310   ; -     ;;;
20-juil.-21; 69,3   ; 9,93   ; 1 802   ; 179   ; 44   ; 170   ; -     ; -     ; -     ; -     ;;;
21-juil.-21; 69,7   ; 9,77   ; 1 796   ; 143   ; 41   ; 144   ; 150   ; 150   ; -     ; -     ;;;
22-juil.-21; 70,3   ; 10,00   ; 1 797   ; 208   ; 46   ; 151   ; 358   ; -     ; 358   ; -     ;;;
23-juil.-21; 70,6   ; 9,57   ; 1 795   ; 157   ; 50   ; 159   ; 255   ; -     ; 255   ; -     ;;;
24-juil.-21; 70,1   ; 9,07   ; 1 801   ; 168   ; 47   ; 146   ; -     ; -     ; -     ; -     ;;;
25-juil.-21; 70,1   ; 9,23   ; 1 802   ; 160   ; 39   ; 160   ; -     ; -     ; -     ; -     ;;;
26-juil.-21; 69,0   ; 9,73   ; 1 800   ; 144   ; 42   ; 182   ; 776   ; 291   ; 485   ; -     ;;;
27-juil.-21; 69,0   ; 9,55   ; 1 812   ; 178   ; 47   ; 175   ; 210   ; 210   ; -     ; -     ;;;
28-juil.-21; 69,8   ; 9,60   ; 1 801   ; 153   ; 56   ; 170   ; 333   ; -     ; 333   ; -     ;;;
29-juil.-21; 68,6   ; 9,30   ; 1 800   ; 199   ; 43   ; 157   ; -     ; -     ; -     ; -     ;;;
30-juil.-21; 68,7   ; 9,00   ; 1 802   ; 160   ; 46   ; 155   ; 405   ; -     ; 405   ; -     ;;;
31-juil.-21; 68,9   ; 8,87   ; 1 986   ; 106   ; 61   ; 133   ; 347   ; 347   ; -     ; -     ;;;
1-août-21; 68,7   ; 9,23   ; 1 803   ; 100   ; 65   ; 150   ; -     ; -     ; -     ; -     ;;;
2-août-21; 68,4   ; 9,37   ; 1 796   ; 198   ; 55   ; 162   ; 486   ; -     ; 486   ; -     ;;;
3-août-21; 68,2   ; 8,87   ; 1 930   ; 155   ; 53   ; 156   ; -     ; -     ; -     ; -     ;;;
4-août-21; 68,4   ; 8,67   ; 1 801   ; 171   ; 43   ; 157   ; 493   ; -     ; 493   ; -     ;;;
5-août-21; 68,4   ; 8,87   ; 1 802   ; 170   ; 54   ; 166   ; -     ; -     ; -     ; -     ;;;
6-août-21; 68,9   ; 8,67   ; 1 888   ; 176   ; 45   ; 196   ; 729   ; -     ; 729   ; -     ;;;
7-août-21; 68,8   ; 8,70   ; 2 517   ; 315   ; 74   ; 141   ; 340   ; 340   ; -     ; -     ;;;
8-août-21; 69,2   ; 8,87   ; 1 803   ; 180   ; 42   ; 136   ; -     ; -     ; -     ; -     ;;;
9-août-21; 69,5   ; 8,77   ; 1 819   ; 165   ; 49   ; 160   ; 532   ; -     ; 532   ; -     ;;;
10-août-21; 68,9   ; 8,60   ; 1 801   ; 173   ; 65   ; 141   ; -     ; -     ; -     ; -     ;;;
11-août-21; 69,3   ; 8,60   ; 1 798   ; 179   ; 37   ; 183   ; 569   ; -     ; 569   ; -     ;;;
12-août-21; 68,6   ; 8,43   ; 1 793   ; 168   ; 56   ; 149   ; -     ; -     ; -     ; -     ;;;
13-août-21; 69,2   ; 8,68   ; 1 792   ; 136   ; 55   ; 188   ; 640   ; -     ; 640   ; -     ;;;
14-août-21; 68,9   ; 8,67   ; 1 803   ; 112   ; 28   ; 148   ; 280   ; 280   ; -     ; -     ;;;
15-août-21; 69,5   ; 8,83   ; 1 808   ; 135   ; 45   ; 185   ; -     ; -     ; -     ; -     ;;;
16-août-21; 69,1   ; 8,80   ; 1 803   ; 180   ; 42   ; 178   ; 609   ; -     ; 609   ; -     ;;;
17-août-21; 68,8   ; 8,68   ; 1 802   ; 207   ; 39   ; 149   ; -     ; -     ; -     ; -     ;;;
18-août-21; 69,6   ; 8,93   ; 1 802   ; 194   ; 53   ; 130   ; -     ; -     ; -     ; -     ;;;
19-août-21; 69,5   ; 8,90   ; 1 801   ; 127   ; 75   ; 149   ; -     ; -     ; -     ; -     ;;;
20-août-21; 69,2   ; 8,68   ; 1 814   ; 154   ; 64   ; 139   ; -     ; -     ; -     ; -     ;;;
21-août-21; 69,0   ; 8,78   ; 2 509   ; 114   ; 75   ; 225   ; -     ; -     ; -     ; -     ;;;
22-août-21; 70,1   ; 8,40   ; 1 399   ; 226   ; 25   ; 32   ; -     ; -     ; -     ; -     ;;;
23-août-21; 68,6   ; 8,84   ; 1 791   ; 165   ; 36   ; 139   ; -     ; -     ; -     ; -     ;;;
24-août-21; 68,3   ; 8,54   ; 1 741   ; 159   ; 44   ; 176   ; -     ; -     ; -     ; -     ;;;
25-août-21; 68,1   ; 8,34   ; 1 837   ; 147   ; 41   ; 152   ; -     ; -     ; -     ; -     ;;;
26-août-21; 68,3   ; 8,54   ; 1 820   ; 43   ; 76   ; 169   ; -     ; -     ; -     ; -     ;;;
27-août-21; 68,3   ; 8,36   ; 1 903   ; 256   ; 8   ; 137   ; -     ; -     ; -     ; -     ;;;
28-août-21; 69,4   ; 8,36   ; 1 818   ; 124   ; 55   ; 148   ; -     ; -     ; -     ; -     ;;;
29-août-21; 69,0   ; 8,70   ; 1 793   ; 138   ; 41   ; 136   ; -     ; -     ; -     ; -     ;;;
30-août-21; 68,3   ; 8,80   ; 1 809   ; 92   ; 86   ; 158   ; -     ; -     ; -     ; -     ;;;
31-août-21; 67,9   ; 8,36   ; 1 803   ; 148   ; 57   ; 185   ; 563   ; -     ; 563   ; -     ;;;
1-sept.-21; 67,4   ; 8,15   ; 1 835   ; 142   ; 49   ; 165   ; 527   ; -     ; 527   ; -     ;;;
2-sept.-21; 67,9   ; 8,32   ; 1 802   ; 156   ; 40   ; 179   ; -     ; -     ; -     ; -     ;;;
3-sept.-21; 67,8   ; 8,52   ; 1 814   ; 209   ; 44   ; 110   ; -     ; -     ; -     ; -     ;;;
4-sept.-21; 67,9   ; 8,20   ; 2 064   ; 130   ; 67   ; 201   ; 708   ; -     ; 708   ; -     ;;;
5-sept.-21; 67,7   ; 8,38   ; 1 792   ; 82   ; 46   ; 147   ; 335   ; 335   ; -     ; -     ;;;
6-sept.-21; 68,2   ; 8,32   ; 1 893   ; 136   ; 43   ; 197   ; -     ; -     ; -     ; -     ;;;
7-sept.-21; 67,8   ; 8,15   ; 1 809   ; 153   ; 38   ; 164   ; -     ; -     ; -     ; -     ;;;
8-sept.-21; 67,6   ; 8,18   ; 2 258   ; 210   ; 74   ; 190   ; 776   ; -     ; 776   ; -     ;;;
9-sept.-21; 67,8   ; 8,43   ; 1 793   ; 186   ; 39   ; 150   ; -     ; -     ; -     ; -     ;;;
10-sept.-21; 68,3   ; 8,57   ; 2 245   ; 200   ; 67   ; 207   ; 664   ; -     ; 664   ; -     ;;;
11-sept.-21; 68,1   ; 8,43   ; 1 828   ; 80   ; 76   ; 148   ; -     ; -     ; -     ; -     ;;;
12-sept.-21; 67,9   ; 8,43   ; 2 126   ; 127   ; 13   ; 130   ; 273   ; 273   ; -     ; -     ;;;
13-sept.-21; 68,0   ; 8,36   ; 1 806   ; 158   ; 58   ; 160   ; -     ; -     ; -     ; -     ;;;
14-sept.-21; 68,8   ; 8,26   ; 1 983   ; 165   ; 66   ; 179   ; 436   ; -     ; 436   ; -     ;;;
15-sept.-21; 68,1   ; 8,40   ; 1 793   ; 153   ; 38   ; 203   ; -     ; -     ; -     ; -     ;;;
16-sept.-21; 68,2   ; 8,46   ; 1 784   ; 166   ; 45   ; 164   ; -     ; -     ; -     ; -     ;;;
17-sept.-21; 68,6   ; 8,72   ; 1 864   ; 124   ; 44   ; 175   ; 226   ; -     ; 226   ; -     ;;;
18-sept.-21; 68,4   ; 8,82   ; 1 918   ; 91   ; 76   ; 169   ; -     ; -     ; -     ; -     ;;;
19-sept.-21; 68,7   ; 8,80   ; 1 830   ; 205   ; 34   ; 135   ; -     ; -     ; -     ; -     ;;;
20-sept.-21; 68,2   ; 8,94   ; 1 797   ; 163   ; 51   ; 142   ; -     ; -     ; -     ; -     ;;;
21-sept.-21; 67,8   ; 8,72   ; 1 937   ; 98   ; 53   ; 155   ; -     ; -     ; -     ; -     ;;;
22-sept.-21; 68,6   ; 8,54   ; 1 804   ; 152   ; 58   ; 154   ; -     ; -     ; -     ; -     ;;;
23-sept.-21; 67,2   ; 8,46   ; 1 792   ; 190   ; 40   ; 156   ; -     ; -     ; -     ; -     ;;;
24-sept.-21; 67,4   ; 8,30   ; 1 777   ; 143   ; 49   ; 175   ; -     ; -     ; -     ; -     ;;;
25-sept.-21; 66,6   ; 8,13   ; 1 919   ; 154   ; 48   ; 181   ; 691   ; -     ; 691   ; -     ;;;
26-sept.-21; 66,2   ; 7,97   ; 1 990   ; 167   ; 63   ; 168   ; 566   ; -     ; 566   ; -     ;;;
27-sept.-21; 66,0   ; 7,81   ; 1 812   ; 121   ; 53   ; 172   ; -     ; -     ; -     ; -     ;;;
28-sept.-21; 66,4   ; 7,90   ; 1 845   ; 168   ; 55   ; 167   ; 544   ; -     ; 544   ; -     ;;;
29-sept.-21; 66,8   ; 7,83   ; 1 835   ; 158   ; 40   ; 156   ; 510   ; -     ; 510   ; -     ;;;
30-sept.-21; 66,8   ; 7,82   ; 1 802   ; 168   ; 48   ; 143   ; -     ; -     ; -     ; -     ;;;
1-oct.-21; 66,6   ; 7,90   ; 1 799   ; 119   ; 61   ; 191   ; -     ; -     ; -     ; -     ;;;
2-oct.-21; 66,8   ; 7,93   ; 1 974   ; 183   ; 31   ; 124   ; 770   ; -     ; 770   ; -     ;;;
3-oct.-21; 67,0   ; 7,90   ; 2 378   ; 143   ; 52   ; 189   ; -     ; -     ; -     ; -     ;;;
4-oct.-21; 66,8   ; 7,56   ; 2 095   ; 153   ; 74   ; 200   ; 744   ; -     ; 744   ; -     ;;;
5-oct.-21; 66,6   ; 7,95   ; 1 799   ; 174   ; 48   ; 152   ; -     ; -     ; -     ; -     ;;;
6-oct.-21; 67,3   ; 8,02   ; 1 765   ; 162   ; 43   ; 182   ; -     ; -     ; -     ; -     ;;;
7-oct.-21; 67,4   ; 8,13   ; 2 102   ; 158   ; 59   ; 192   ; 762   ; -     ; 762   ; -     ;;;
8-oct.-21; 67,0   ; 7,90   ; 2 064   ; 71   ; 85   ; 146   ; -     ; -     ; -     ; -     ;;;
9-oct.-21; 67,0   ; 8,03   ; 2 047   ; 155   ; 40   ; 182   ; 263   ; 263   ; -     ; -     ;;;
10-oct.-21; 67,5   ; 8,13   ; 2 241   ; 156   ; 40   ; 208   ; 677   ; -     ; 677   ; -     ;;;
11-oct.-21; 67,8   ; 8,56   ; 1 770   ; 142   ; 62   ; 127   ; 100   ; 100   ; -     ; -     ;;;
12-oct.-21; 67,4   ; 8,00   ; 1 980   ; 172   ; 65   ; 171   ; -     ; -     ; -     ; -     ;;;
13-oct.-21; 67,4   ; 8,11   ; 1 875   ; 144   ; 59   ; 169   ; -     ; -     ; -     ; -     ;;;
14-oct.-21; 67,6   ; 8,15   ; 1 860   ; 126   ; 53   ; 216   ; -     ; -     ; -     ; -     ;;;
15-oct.-21; 67,0   ; 8,11   ; 2 450   ; 240   ; 55   ; 188   ; 710   ; -     ; 710   ; -     ;;;
16-oct.-21; 66,7   ; 7,86   ; 3 837   ; 485   ; 119   ; 194   ; 150   ; 150   ; -     ; -     ;;;
17-oct.-21; 67,4   ; 8,00   ; 1 972   ; 147   ; 67   ; 194   ; 767   ; -     ; 767   ; -     ;;;
18-oct.-21; 67,0   ; 7,86   ; 1 781   ; 195   ; 37   ; 166   ; -     ; -     ; -     ; -     ;;;
19-oct.-21; 67,6   ; 8,10   ; 1 790   ; 207   ; 42   ; 179   ; -     ; -     ; -     ; -     ;;;
20-oct.-21; 67,4   ; 7,97   ; 1 893   ; 177   ; 43   ; 202   ; 464   ; -     ; 464   ; -     ;;;
21-oct.-21; 67,7   ; 8,47   ; 1 798   ; 143   ; 63   ; 165   ; -     ; -     ; -     ; -     ;;;
22-oct.-21; 67,2   ; 8,19   ; 2 310   ; 167   ; 73   ; 244   ; 514   ; -     ; 514   ; -     ;;;
23-oct.-21; 66,5   ; 7,76   ; 1 813   ; 145   ; 54   ; 175   ; -     ; -     ; -     ; -     ;;;
24-oct.-21; 67,1   ; 8,17   ; 2 385   ; 225   ; 46   ; 263   ; 567   ; -     ; 567   ; -     ;;;
25-oct.-21; 67,1   ; 7,81   ; 1 811   ; 122   ; 62   ; 193   ; -     ; -     ; -     ; -     ;;;
26-oct.-21; 67,6   ; 8,17   ; 2 293   ; 199   ; 59   ; 240   ; 441   ; -     ; 441   ; -     ;;;
27-oct.-21; 67,1   ; 7,83   ; 1 798   ; 174   ; 55   ; 137   ; -     ; -     ; -     ; -     ;;;
28-oct.-21; 67,1   ; 7,77   ; 2 114   ; 230   ; 71   ; 142   ; -     ; -     ; -     ; -     ;;;
29-oct.-21; 67,4   ; 7,88   ; 2 156   ; 198   ; 56   ; 201   ; 611   ; -     ; 611   ; -     ;;;
30-oct.-21; 67,4   ; 8,05   ; 2 099   ; 243   ; 40   ; 181   ; 100   ; 100   ; -     ; -     ;;;
31-oct.-21; 66,4   ; 7,87   ; 2 218   ; 189   ; 56   ; 226   ; 632   ; -     ; 632   ; -     ;;;
1-nov.-21; 66,2   ; 7,86   ; 3 137   ; 319   ; 125   ; 183   ; -     ; -     ; -     ; -     ;;;
2-nov.-21; 67,0   ; 8,20   ; 2 047   ; 234   ; 46   ; 175   ; 557   ; -     ; 557   ; -     ;;;
3-nov.-21; 67,7   ; 8,16   ; 1 814   ; 142   ; 62   ; 156   ; -     ; -     ; -     ; -     ;;;
4-nov.-21; 67,4   ; 8,09   ; 2 613   ; 274   ; 74   ; 212   ; 810   ; -     ; 810   ; -     ;;;
5-nov.-21; 67,2   ; 8,23   ; 1 826   ; 121   ; 41   ; 198   ; -     ; -     ; -     ; -     ;;;
6-nov.-21; 67,4   ; 8,25   ; 2 495   ; 244   ; 57   ; 175   ; 742   ; -     ; 742   ; -     ;;;
7-nov.-21; 68,0   ; 8,43   ; 2 277   ; 267   ; 49   ; 163   ; -     ; -     ; -     ; -     ;;;
8-nov.-21; 68,4   ; 8,81   ; 2 259   ; 164   ; 71   ; 232   ; 505   ; -     ; 505   ; -     ;;;
9-nov.-21; 68,1   ; 8,52   ; 1 802   ; 131   ; 62   ; 171   ; -     ; -     ; -     ; -     ;;;
10-nov.-21; 67,8   ; 8,49   ; 2 336   ; 273   ; 58   ; 168   ; 647   ; 647   ; -     ; -     ;;;
11-nov.-21; 67,8   ; 8,05   ; 2 229   ; 299   ; 39   ; 159   ; 711   ; -     ; 711   ; -     ;;;
12-nov.-21; 67,8   ; 8,51   ; 1 809   ; 217   ; 22   ; 181   ; -     ; -     ; -     ; -     ;;;
13-nov.-21; 67,5   ; 8,14   ; 2 484   ; 266   ; 60   ; 184   ; 587   ; -     ; 587   ; -     ;;;
14-nov.-21; 68,0   ; 8,23   ; 2 100   ; 202   ; 51   ; 188   ; 270   ; 270   ; -     ; -     ;;;
15-nov.-21; 67,6   ; 8,42   ; 1 781   ; 153   ; 43   ; 190   ; -     ; -     ; -     ; -     ;;;
16-nov.-21; 68,0   ; 8,47   ; 2 323   ; 225   ; 39   ; 248   ; 561   ; -     ; 561   ; -     ;;;
17-nov.-21; 67,7   ; 8,23   ; 1 793   ; 146   ; 47   ; 191   ; -     ; -     ; -     ; -     ;;;
18-nov.-21; 67,1   ; 8,31   ; 2 220   ; 183   ; 59   ; 224   ; 547   ; -     ; 547   ; -     ;;;
19-nov.-21; 67,6   ; 8,31   ; 1 758   ; 166   ; 45   ; 171   ; -     ; -     ; -     ; -     ;;;
20-nov.-21; 67,4   ; 8,24   ; 2 708   ; 318   ; 94   ; 144   ; 920   ; -     ; 920   ; -     ;;;
21-nov.-21; 68,6   ; 8,01   ; 1 789   ; 147   ; 62   ; 150   ; -     ; -     ; -     ; -     ;;;
22-nov.-21; 67,4   ; 8,19   ; 2 311   ; 253   ; 58   ; 188   ; 548   ; -     ; 548   ; -     ;;;
23-nov.-21; 67,8   ; 8,39   ; 1 796   ; 201   ; 38   ; 156   ; -     ; -     ; -     ; -     ;;;
24-nov.-21; 67,4   ; 8,18   ; 2 333   ; 250   ; 41   ; 230   ; 539   ; -     ; 539   ; -     ;;;
25-nov.-21; 67,7   ; 8,53   ; 1 809   ; 129   ; 55   ; 195   ; -     ; -     ; -     ; -     ;;;
26-nov.-21; 67,7   ; 8,34   ; 2 482   ; 190   ; 88   ; 205   ; 671   ; -     ; 671   ; -     ;;;
27-nov.-21; 68,5   ; 8,05   ; 2 173   ; 232   ; 51   ; 186   ; -     ; -     ; -     ; -     ;;;
28-nov.-21; 68,1   ; 8,21   ; 2 356   ; 266   ; 67   ; 160   ; -     ; -     ; -     ; -     ;;;
29-nov.-21; 68,4   ; 8,55   ; 2 331   ; 258   ; 50   ; 199   ; 740   ; -     ; 740   ; -     ;;;
30-nov.-21; 68,2   ; 8,48   ; 1 813   ; 205   ; 44   ; 144   ; -     ; -     ; -     ; -     ;;;
1-déc.-21; 67,8   ; 8,34   ; 2 256   ; 188   ; 75   ; 197   ; 702   ; -     ; 702   ; -     ;;;
2-déc.-21; 68,1   ; 8,29   ; 1 812   ; 163   ; 55   ; 158   ; -     ; -     ; -     ; -     ;;;
3-déc.-21; 68,0   ; 8,49   ; 2 389   ; 287   ; 54   ; 179   ; 778   ; -     ; 778   ; -     ;;;
4-déc.-21; 68,6   ; 8,22   ; 1 886   ; 232   ; 36   ; 139   ; -     ; -     ; -     ; -     ;;;
5-déc.-21; 67,9   ; 8,36   ; 2 108   ; 312   ; 32   ; 133   ; 295   ; -     ; 295   ; -     ;;;
6-déc.-21; 67,7   ; 7,99   ; 2 075   ; 247   ; 29   ; 201   ; 286   ; -     ; 286   ; -     ;;;
7-déc.-21; 67,7   ; 8,23   ; 2 234   ; 202   ; 74   ; 180   ; 375   ; -     ; 375   ; -     ;;;
8-déc.-21; 67,6   ; 8,39   ; 4 785   ; 511   ; 184   ; 264   ; 500   ; -     ; 500   ; -     ;;;
9-déc.-21; 69,5   ; 8,75   ; 1 770   ; 149   ; 45   ; 185   ; 524   ; -     ; 524   ; -     ;;;
10-déc.-21; 68,1   ; 8,28   ; 2 102   ; 208   ; 51   ; 195   ; 538   ; -     ; 538   ; -     ;;;
11-déc.-21; 68,1   ; 8,68   ; 2 177   ; 178   ; 63   ; 192   ; 389   ; -     ; 389   ; -     ;;;
12-déc.-21; 68,4   ; 8,50   ; 1 935   ; 180   ; 36   ; 198   ; -     ; -     ; -     ; -     ;;;
13-déc.-21; 67,7   ; 8,24   ; 2 228   ; 245   ; 51   ; 173   ; 422   ; -     ; 422   ; -     ;;;
14-déc.-21; 68,6   ; 8,45   ; 2 319   ; 206   ; 69   ; 216   ; 389   ; -     ; 389   ; -     ;;;
15-déc.-21; 68,2   ; 8,41   ;;;;; 399   ; -     ; 399   ; -     ;;;
16-déc.-21;;;;;;;;;;;;;
17-déc.-21;;;;;;;;;;;;;
18-déc.-21;;;;;;;;;;;;;
19-déc.-21;;;;;;;;;;;;;
20-déc.-21;;;;;;;;;;;;;
21-déc.-21;;;;;;;;;;;;;
22-déc.-21;;;;;;;;;;;;;
23-déc.-21;;;;;;;;;;;;;
24-déc.-21;;;;;;;;;;;;;
25-déc.-21;;;;;;;;;;;;;
26-déc.-21;;;;;;;;;;;;;
27-déc.-21;;;;;;;;;;;;;
28-déc.-21;;;;;;;;;;;;;
29-déc.-21;;;;;;;;;;;;;
30-déc.-21;;;;;;;;;;;;;
31-déc.-21;;;;;;;;;;;;;
1-janv.-22;;;;;;;;;;;;;
2-janv.-22;;;;;;;;;;;;;
3-janv.-22;;;;;;;;;;;;;
4-janv.-22;;;;;;;;;;;;;
5-janv.-22;;;;;;;;;;;;;
6-janv.-22;;;;;;;;;;;;;
7-janv.-22;;;;;;;;;;;;;
8-janv.-22;;;;;;;;;;;;;
9-janv.-22;;;;;;;;;;;;;
10-janv.-22;;;;;;;;;;;;;
11-janv.-22;;;;;;;;;;;;;
12-janv.-22;;;;;;;;;;;;;
13-janv.-22;;;;;;;;;;;;;
14-janv.-22;;;;;;;;;;;;;
15-janv.-22;;;;;;;;;;;;;
16-janv.-22;;;;;;;;;;;;;
17-janv.-22;;;;;;;;;;;;;
18-janv.-22;;;;;;;;;;;;;
19-janv.-22;;;;;;;;;;;;;
20-janv.-22;;;;;;;;;;;;;
21-janv.-22;;;;;;;;;;;;;
22-janv.-22;;;;;;;;;;;;;
23-janv.-22;;;;;;;;;;;;;
24-janv.-22;;;;;;;;;;;;;
25-janv.-22;;;;;;;;;;;;;
26-janv.-22;;;;;;;;;;;;;
27-janv.-22;;;;;;;;;;;;;
28-janv.-22;;;;;;;;;;;;;
29-janv.-22;;;;;;;;;;;;;
30-janv.-22;;;;;;;;;;;;;
31-janv.-22;;;;;;;;;;;;;
1-févr.-22;;;;;;;;;;;;;
2-févr.-22;;;;;;;;;;;;;
3-févr.-22;;;;;;;;;;;;;
4-févr.-22;;;;;;;;;;;;;
5-févr.-22;;;;;;;;;;;;;
6-févr.-22;;;;;;;;;;;;;
7-févr.-22;;;;;;;;;;;;;
8-févr.-22;;;;;;;;;;;;;
9-févr.-22;;;;;;;;;;;;;
10-févr.-22;;;;;;;;;;;;;
11-févr.-22;;;;;;;;;;;;;
12-févr.-22;;;;;;;;;;;;;
13-févr.-22;;;;;;;;;;;;;
14-févr.-22;;;;;;;;;;;;;
15-févr.-22;;;;;;;;;;;;;
16-févr.-22;;;;;;;;;;;;;
17-févr.-22;;;;;;;;;;;;;
18-févr.-22;;;;;;;;;;;;;
19-févr.-22;;;;;;;;;;;;;
20-févr.-22;;;;;;;;;;;;;
21-févr.-22;;;;;;;;;;;;;
22-févr.-22;;;;;;;;;;;;;
23-févr.-22;;;;;;;;;;;;;
24-févr.-22;;;;;;;;;;;;;
25-févr.-22;;;;;;;;;;;;;
26-févr.-22;;;;;;;;;;;;;
27-févr.-22;;;;;;;;;;;;;
28-févr.-22;;;;;;;;;;;;;
1-mars-22;;;;;;;;;;;;;
2-mars-22;;;;;;;;;;;;;
3-mars-22;;;;;;;;;;;;;
4-mars-22;;;;;;;;;;;;;
5-mars-22;;;;;;;;;;;;;
6-mars-22;;;;;;;;;;;;;
7-mars-22;;;;;;;;;;;;;
8-mars-22;;;;;;;;;;;;;
9-mars-22;;;;;;;;;;;;;
10-mars-22;;;;;;;;;;;;;
11-mars-22;;;;;;;;;;;;;
12-mars-22;;;;;;;;;;;;;
13-mars-22;;;;;;;;;;;;;
14-mars-22;;;;;;;;;;;;;
15-mars-22;;;;;;;;;;;;;
16-mars-22;;;;;;;;;;;;;
17-mars-22;;;;;;;;;;;;;
18-mars-22;;;;;;;;;;;;;
19-mars-22;;;;;;;;;;;;;
20-mars-22;;;;;;;;;;;;;
21-mars-22;;;;;;;;;;;;;
22-mars-22;;;;;;;;;;;;;
23-mars-22;;;;;;;;;;;;;
24-mars-22;;;;;;;;;;;;;
25-mars-22;;;;;;;;;;;;;
26-mars-22;;;;;;;;;;;;;
27-mars-22;;;;;;;;;;;;;
28-mars-22;;;;;;;;;;;;;
29-mars-22;;;;;;;;;;;;;
30-mars-22;;;;;;;;;;;;;
31-mars-22;;;;;;;;;;;;;
1-avr.-22;;;;;;;;;;;;;
2-avr.-22;;;;;;;;;;;;;
3-avr.-22;;;;;;;;;;;;;
4-avr.-22;;;;;;;;;;;;;
5-avr.-22;;;;;;;;;;;;;
6-avr.-22;;;;;;;;;;;;;
7-avr.-22;;;;;;;;;;;;;
8-avr.-22;;;;;;;;;;;;;
9-avr.-22;;;;;;;;;;;;;
10-avr.-22;;;;;;;;;;;;;
11-avr.-22;;;;;;;;;;;;;
12-avr.-22;;;;;;;;;;;;;
13-avr.-22;;;;;;;;;;;;;
14-avr.-22;;;;;;;;;;;;;
15-avr.-22;;;;;;;;;;;;;
16-avr.-22;;;;;;;;;;;;;
17-avr.-22;;;;;;;;;;;;;
18-avr.-22;;;;;;;;;;;;;
19-avr.-22;;;;;;;;;;;;;
20-avr.-22;;;;;;;;;;;;;
21-avr.-22;;;;;;;;;;;;;
22-avr.-22;;;;;;;;;;;;;
23-avr.-22;;;;;;;;;;;;;
24-avr.-22;;;;;;;;;;;;;
25-avr.-22;;;;;;;;;;;;;
26-avr.-22;;;;;;;;;;;;;
27-avr.-22;;;;;;;;;;;;;
28-avr.-22;;;;;;;;;;;;;
29-avr.-22;;;;;;;;;;;;;
30-avr.-22;;;;;;;;;;;;;
1-mai-22;;;;;;;;;;;;;
2-mai-22;;;;;;;;;;;;;
3-mai-22;;;;;;;;;;;;;
4-mai-22;;;;;;;;;;;;;
5-mai-22;;;;;;;;;;;;;
6-mai-22;;;;;;;;;;;;;
7-mai-22;;;;;;;;;;;;;
8-mai-22;;;;;;;;;;;;;
9-mai-22;;;;;;;;;;;;;
10-mai-22;;;;;;;;;;;;;
11-mai-22;;;;;;;;;;;;;
12-mai-22;;;;;;;;;;;;;
13-mai-22;;;;;;;;;;;;;
14-mai-22;;;;;;;;;;;;;
15-mai-22;;;;;;;;;;;;;
16-mai-22;;;;;;;;;;;;;
17-mai-22;;;;;;;;;;;;;
18-mai-22;;;;;;;;;;;;;
19-mai-22;;;;;;;;;;;;;
20-mai-22;;;;;;;;;;;;;
21-mai-22;;;;;;;;;;;;;
22-mai-22;;;;;;;;;;;;;
23-mai-22;;;;;;;;;;;;;
24-mai-22;;;;;;;;;;;;;
25-mai-22;;;;;;;;;;;;;
26-mai-22;;;;;;;;;;;;;
27-mai-22;;;;;;;;;;;;;
28-mai-22;;;;;;;;;;;;;
29-mai-22;;;;;;;;;;;;;
30-mai-22;;;;;;;;;;;;;
31-mai-22;;;;;;;;;;;;;
1-juin-22;;;;;;;;;;;;;
2-juin-22;;;;;;;;;;;;;
3-juin-22;;;;;;;;;;;;;
4-juin-22;;;;;;;;;;;;;
5-juin-22;;;;;;;;;;;;;
6-juin-22;;;;;;;;;;;;;
7-juin-22;;;;;;;;;;;;;
8-juin-22;;;;;;;;;;;;;
9-juin-22;;;;;;;;;;;;;
10-juin-22;;;;;;;;;;;;;
11-juin-22;;;;;;;;;;;;;
12-juin-22;;;;;;;;;;;;;
13-juin-22;;;;;;;;;;;;;
14-juin-22;;;;;;;;;;;;;
15-juin-22;;;;;;;;;;;;;
16-juin-22;;;;;;;;;;;;;
17-juin-22;;;;;;;;;;;;;
18-juin-22;;;;;;;;;;;;;
19-juin-22;;;;;;;;;;;;;
20-juin-22;;;;;;;;;;;;;
21-juin-22;;;;;;;;;;;;;
22-juin-22;;;;;;;;;;;;;
23-juin-22;;;;;;;;;;;;;
24-juin-22;;;;;;;;;;;;;
25-juin-22;;;;;;;;;;;;;
26-juin-22;;;;;;;;;;;;;
27-juin-22;;;;;;;;;;;;;
28-juin-22;;;;;;;;;;;;;
29-juin-22;;;;;;;;;;;;;
30-juin-22;;;;;;;;;;;;;
1-juil.-22;;;;;;;;;;;;;
2-juil.-22;;;;;;;;;;;;;
3-juil.-22;;;;;;;;;;;;;
4-juil.-22;;;;;;;;;;;;;
5-juil.-22;;;;;;;;;;;;;
6-juil.-22;;;;;;;;;;;;;
7-juil.-22;;;;;;;;;;;;;
8-juil.-22;;;;;;;;;;;;;
9-juil.-22;;;;;;;;;;;;;
10-juil.-22;;;;;;;;;;;;;
11-juil.-22;;;;;;;;;;;;;
12-juil.-22;;;;;;;;;;;;;
13-juil.-22;;;;;;;;;;;;;
14-juil.-22;;;;;;;;;;;;;
15-juil.-22;;;;;;;;;;;;;
16-juil.-22;;;;;;;;;;;;;
17-juil.-22;;;;;;;;;;;;;
18-juil.-22;;;;;;;;;;;;;
19-juil.-22;;;;;;;;;;;;;
20-juil.-22;;;;;;;;;;;;;
21-juil.-22;;;;;;;;;;;;;
22-juil.-22;;;;;;;;;;;;;
23-juil.-22;;;;;;;;;;;;;
24-juil.-22;;;;;;;;;;;;;
25-juil.-22;;;;;;;;;;;;;
26-juil.-22;;;;;;;;;;;;;
27-juil.-22;;;;;;;;;;;;;
28-juil.-22;;;;;;;;;;;;;
29-juil.-22;;;;;;;;;;;;;
30-juil.-22;;;;;;;;;;;;;
31-juil.-22;;;;;;;;;;;;;
1-août-22;;;;;;;;;;;;;
2-août-22;;;;;;;;;;;;;
3-août-22;;;;;;;;;;;;;
4-août-22;;;;;;;;;;;;;
5-août-22;;;;;;;;;;;;;
6-août-22;;;;;;;;;;;;;
7-août-22;;;;;;;;;;;;;
8-août-22;;;;;;;;;;;;;
9-août-22;;;;;;;;;;;;;
10-août-22;;;;;;;;;;;;;
11-août-22;;;;;;;;;;;;;
12-août-22;;;;;;;;;;;;;
13-août-22;;;;;;;;;;;;;
14-août-22;;;;;;;;;;;;;
15-août-22;;;;;;;;;;;;;
16-août-22;;;;;;;;;;;;;
17-août-22;;;;;;;;;;;;;
18-août-22;;;;;;;;;;;;;
19-août-22;;;;;;;;;;;;;
20-août-22;;;;;;;;;;;;;
21-août-22;;;;;;;;;;;;;
22-août-22;;;;;;;;;;;;;
23-août-22;;;;;;;;;;;;;
24-août-22;;;;;;;;;;;;;
25-août-22;;;;;;;;;;;;;
26-août-22;;;;;;;;;;;;;
27-août-22;;;;;;;;;;;;;
28-août-22;;;;;;;;;;;;;
29-août-22;;;;;;;;;;;;;
30-août-22;;;;;;;;;;;;;
31-août-22;;;;;;;;;;;;;
1-sept.-22;;;;;;;;;;;;;
2-sept.-22;;;;;;;;;;;;;
3-sept.-22;;;;;;;;;;;;;
4-sept.-22;;;;;;;;;;;;;
5-sept.-22;;;;;;;;;;;;;
6-sept.-22;;;;;;;;;;;;;
7-sept.-22;;;;;;;;;;;;;
8-sept.-22;;;;;;;;;;;;;
9-sept.-22;;;;;;;;;;;;;
10-sept.-22;;;;;;;;;;;;;
11-sept.-22;;;;;;;;;;;;;
12-sept.-22;;;;;;;;;;;;;
13-sept.-22;;;;;;;;;;;;;
14-sept.-22;;;;;;;;;;;;;
15-sept.-22;;;;;;;;;;;;;
16-sept.-22;;;;;;;;;;;;;
17-sept.-22;;;;;;;;;;;;;
18-sept.-22;;;;;;;;;;;;;
19-sept.-22;;;;;;;;;;;;;
20-sept.-22;;;;;;;;;;;;;
21-sept.-22;;;;;;;;;;;;;
22-sept.-22;;;;;;;;;;;;;
23-sept.-22;;;;;;;;;;;;;
24-sept.-22;;;;;;;;;;;;;
25-sept.-22;;;;;;;;;;;;;
26-sept.-22;;;;;;;;;;;;;
27-sept.-22;;;;;;;;;;;;;
28-sept.-22;;;;;;;;;;;;;
29-sept.-22;;;;;;;;;;;;;
30-sept.-22;;;;;;;;;;;;;
1-oct.-22;;;;;;;;;;;;;
2-oct.-22;;;;;;;;;;;;;
3-oct.-22;;;;;;;;;;;;;
4-oct.-22;;;;;;;;;;;;;
5-oct.-22;;;;;;;;;;;;;
6-oct.-22;;;;;;;;;;;;;
7-oct.-22;;;;;;;;;;;;;
8-oct.-22;;;;;;;;;;;;;
9-oct.-22;;;;;;;;;;;;;
10-oct.-22;;;;;;;;;;;;;
11-oct.-22;;;;;;;;;;;;;
12-oct.-22;;;;;;;;;;;;;
13-oct.-22;;;;;;;;;;;;;
14-oct.-22;;;;;;;;;;;;;
15-oct.-22;;;;;;;;;;;;;
16-oct.-22;;;;;;;;;;;;;
17-oct.-22;;;;;;;;;;;;;
18-oct.-22;;;;;;;;;;;;;
19-oct.-22;;;;;;;;;;;;;
20-oct.-22;;;;;;;;;;;;;
21-oct.-22;;;;;;;;;;;;;
22-oct.-22;;;;;;;;;;;;;
23-oct.-22;;;;;;;;;;;;;
24-oct.-22;;;;;;;;;;;;;
25-oct.-22;;;;;;;;;;;;;
26-oct.-22;;;;;;;;;;;;;
27-oct.-22;;;;;;;;;;;;;
28-oct.-22;;;;;;;;;;;;;
29-oct.-22;;;;;;;;;;;;;
30-oct.-22;;;;;;;;;;;;;
31-oct.-22;;;;;;;;;;;;;
1-nov.-22;;;;;;;;;;;;;
2-nov.-22;;;;;;;;;;;;;
3-nov.-22;;;;;;;;;;;;;
4-nov.-22;;;;;;;;;;;;;
5-nov.-22;;;;;;;;;;;;;
6-nov.-22;;;;;;;;;;;;;
7-nov.-22;;;;;;;;;;;;;
8-nov.-22;;;;;;;;;;;;;
9-nov.-22;;;;;;;;;;;;;
10-nov.-22;;;;;;;;;;;;;
11-nov.-22;;;;;;;;;;;;;
12-nov.-22;;;;;;;;;;;;;
13-nov.-22;;;;;;;;;;;;;
14-nov.-22;;;;;;;;;;;;;
15-nov.-22;;;;;;;;;;;;;
16-nov.-22;;;;;;;;;;;;;
17-nov.-22;;;;;;;;;;;;;
18-nov.-22;;;;;;;;;;;;;
19-nov.-22;;;;;;;;;;;;;
20-nov.-22;;;;;;;;;;;;;
21-nov.-22;;;;;;;;;;;;;
22-nov.-22;;;;;;;;;;;;;
23-nov.-22;;;;;;;;;;;;;
24-nov.-22;;;;;;;;;;;;;
25-nov.-22;;;;;;;;;;;;;
26-nov.-22;;;;;;;;;;;;;
27-nov.-22;;;;;;;;;;;;;
28-nov.-22;;;;;;;;;;;;;
29-nov.-22;;;;;;;;;;;;;
30-nov.-22;;;;;;;;;;;;;
1-déc.-22;;;;;;;;;;;;;
2-déc.-22;;;;;;;;;;;;;
3-déc.-22;;;;;;;;;;;;;
4-déc.-22;;;;;;;;;;;;;
5-déc.-22;;;;;;;;;;;;;
6-déc.-22;;;;;;;;;;;;;
7-déc.-22;;;;;;;;;;;;;
8-déc.-22;;;;;;;;;;;;;
9-déc.-22;;;;;;;;;;;;;
10-déc.-22;;;;;;;;;;;;;
11-déc.-22;;;;;;;;;;;;;
12-déc.-22;;;;;;;;;;;;;
13-déc.-22;;;;;;;;;;;;;
14-déc.-22;;;;;;;;;;;;;
15-déc.-22;;;;;;;;;;;;;
16-déc.-22;;;;;;;;;;;;;
17-déc.-22;;;;;;;;;;;;;
18-déc.-22;;;;;;;;;;;;;
19-déc.-22;;;;;;;;;;;;;
20-déc.-22;;;;;;;;;;;;;
21-déc.-22;;;;;;;;;;;;;
22-déc.-22;;;;;;;;;;;;;
23-déc.-22;;;;;;;;;;;;;
24-déc.-22;;;;;;;;;;;;;
25-déc.-22;;;;;;;;;;;;;
26-déc.-22;;;;;;;;;;;;;
27-déc.-22;;;;;;;;;;;;;
28-déc.-22;;;;;;;;;;;;;
29-déc.-22;;;;;;;;;;;;;
30-déc.-22;;;;;;;;;;;;;
31-déc.-22;;;;;;;;;;;;;
